EmpId,EmpName,EmpAddress,EmpSalary
Ventosanzap,Davey,Whotton,dwhotton0@utexas.edu
Latlux,Terrance,Kelsell,tkelsell1@a8.net
Treeflex,Lyndy,Davage,ldavage2@dmoz.org
Zaam-Dox,Fernando,Van der Kruijs,fvanderkruijs3@wikimedia.org
Hatity,Lonee,Wyllie,lwyllie4@last.fm
Aerified,Fidelia,Reddan,freddan5@youku.com
Asoka,Rowen,Mac,rmac6@merriam-webster.com
Ventosanzap,Perri,Mizen,pmizen7@forbes.com
Job,Elisha,Huntall,ehuntall8@goo.ne.jp
Veribet,Wileen,Dicty,wdicty9@webeden.co.uk
Mat Lam Tam,Dare,Tatnell,dtatnella@mozilla.org
Regrant,Cynthea,Moxsom,cmoxsomb@weather.com
Fix San,Kathy,Casolla,kcasollac@deviantart.com
Domainer,Jorrie,Cyphus,jcyphusd@histats.com
Zaam-Dox,Obie,Threadgall,othreadgalle@1und1.de
Transcof,Lorin,Harrinson,lharrinsonf@archive.org
Span,Court,Burlay,cburlayg@digg.com
Cardify,Thorsten,Wace,twaceh@wp.com
Pannier,Vinnie,Balshaw,vbalshawi@bloglines.com
Pannier,Titos,Scroggins,tscrogginsj@census.gov
Flexidy,Robinette,McGriffin,rmcgriffink@constantcontact.com
Overhold,Giovanna,Maciaszek,gmaciaszekl@yale.edu
Daltfresh,Korie,Oxtiby,koxtibym@reference.com
Bytecard,Felicle,Greystoke,fgreystoken@blogtalkradio.com
Ronstring,Sven,Goricke,sgorickeo@pen.io
Ventosanzap,Kati,Stow,kstowp@theguardian.com
Bitwolf,Bret,Debold,bdeboldq@imageshack.us
Sub-Ex,Amby,Kiddie,akiddier@yandex.ru
Tempsoft,Courtenay,Zealander,czealanders@mozilla.com
Tin,Horace,Harroway,hharrowayt@dot.gov
Konklux,Efren,Marle,emarleu@i2i.jp
Zamit,Vanna,Maffy,vmaffyv@booking.com
Bytecard,Michale,Cammell,mcammellw@addthis.com
Toughjoyfax,Rica,Danilowicz,rdanilowiczx@ifeng.com
Sonair,Holden,Rigler,hriglery@tinyurl.com
Prodder,Celie,Hollingsbee,chollingsbeez@etsy.com
Tin,Bordie,Canwell,bcanwell10@cocolog-nifty.com
Asoka,Tina,Blabey,tblabey11@wikia.com
Viva,Babb,Klimp,bklimp12@instagram.com
Andalax,Erinna,Doust,edoust13@over-blog.com
Daltfresh,Paulie,Cammish,pcammish14@yelp.com
Kanlam,Cordula,Poulney,cpoulney15@bloomberg.com
Opela,Andy,Yeardley,ayeardley16@ifeng.com
Andalax,Dru,Cicchinelli,dcicchinelli17@wired.com
Overhold,Godwin,Hanner,ghanner18@blog.com
Domainer,King,Mandell,kmandell19@abc.net.au
Cardify,Valaria,Dmitriev,vdmitriev1a@marriott.com
Stronghold,Sheppard,Aldie,saldie1b@omniture.com
Tresom,Bibi,Girling,bgirling1c@google.co.jp
Hatity,Ramsay,Izkovitch,rizkovitch1d@wikipedia.org
Namfix,Brendis,Linnemann,blinnemann1e@stumbleupon.com
Lotstring,Ursala,Matusiak,umatusiak1f@cdc.gov
Toughjoyfax,Graham,Denman,gdenman1g@phoca.cz
Cardify,Gracia,Davidy,gdavidy1h@cdbaby.com
Bitwolf,Dulsea,Hartland,dhartland1i@jigsy.com
Duobam,Feliza,Forrington,fforrington1j@theatlantic.com
Rank,Brendon,Seathwright,bseathwright1k@prnewswire.com
Andalax,Jeanie,Letchford,jletchford1l@tmall.com
Treeflex,Rob,Sloyan,rsloyan1m@psu.edu
Stim,Dexter,Tickner,dtickner1n@amazon.de
It,Chauncey,Hyde-Chambers,chydechambers1o@dagondesign.com
Solarbreeze,Dorris,Shiels,dshiels1p@sourceforge.net
Flowdesk,Margalo,Henkens,mhenkens1q@ucsd.edu
Konklux,Mercy,Parlett,mparlett1r@flickr.com
Ventosanzap,Annamaria,Hustler,ahustler1s@ucla.edu
Latlux,Gerry,Blachford,gblachford1t@shutterfly.com
It,Karine,Beidebeke,kbeidebeke1u@hexun.com
Zamit,Jeremy,Diss,jdiss1v@nymag.com
Veribet,Judas,MacKniely,jmackniely1w@freewebs.com
Fixflex,Thaxter,Hurling,thurling1x@indiegogo.com
Otcom,Diann,McWhannel,dmcwhannel1y@umn.edu
Trippledex,Billye,Bonde,bbonde1z@theatlantic.com
Daltfresh,Annetta,Trail,atrail20@cdc.gov
Matsoft,Pru,Buscher,pbuscher21@cbslocal.com
Gembucket,Paolina,Dunnan,pdunnan22@sitemeter.com
Solarbreeze,Grover,Cordel,gcordel23@posterous.com
Sonair,Yvor,Tommei,ytommei24@istockphoto.com
Otcom,Benson,Pfeifer,bpfeifer25@tripod.com
Y-Solowarm,Chanda,Hellewell,chellewell26@ebay.com
Rank,Dell,Jacquemet,djacquemet27@dell.com
Stim,Ernesta,Uden,euden28@mapquest.com
Stronghold,Homerus,Marron,hmarron29@theatlantic.com
Stronghold,Bethena,Peres,bperes2a@prweb.com
Bitwolf,Zacherie,Gully,zgully2b@google.co.jp
Rank,Clemente,Jenton,cjenton2c@creativecommons.org
Mat Lam Tam,Margaretha,Balsdone,mbalsdone2d@nasa.gov
Cardify,Evy,Shoebottom,eshoebottom2e@msu.edu
Zoolab,Rawley,Rittelmeyer,rrittelmeyer2f@bing.com
Rank,Valentina,Halvosen,vhalvosen2g@de.vu
Voyatouch,Gerty,Auston,gauston2h@admin.ch
Namfix,Emmit,Bortolutti,ebortolutti2i@statcounter.com
Home Ing,Orv,Gallico,ogallico2j@nymag.com
Tampflex,Orel,Jakoubec,ojakoubec2k@geocities.com
Namfix,Gerri,Pentony,gpentony2l@purevolume.com
Fix San,Darline,Hillhouse,dhillhouse2m@csmonitor.com
Overhold,Dehlia,Cushion,dcushion2n@free.fr
Zoolab,Vania,Shimmings,vshimmings2o@moonfruit.com
Daltfresh,Tedmund,Lapides,tlapides2p@amazon.de
Viva,Livy,Yakobowitz,lyakobowitz2q@ucoz.ru
Zamit,Paten,Hollebon,phollebon2r@blogspot.com
